{"appName":"Quick File Toolkit ","appIconPath":"favicon.png","splashPath":"favicon.png","packageName":"com.tlgx.quicktool","versionName":"1.0.0","versionCode":1,"isFullscreen":true,"isHideTitleBar":true,"titleBarBackgroundColor":"#3F51B5","isAllowLongClick":true,"isShowLoadingUI":true,"isAllowZoom":false,"isPCMode":false,"isAllowAutoplay":true,"homePage":"index.html","withPHPEnv":false,"PHPPort":57249,"isAllowSwipeRefresh":false,"isAllowCamera":false,"isAllowMicrophone":false,"screenRotationMethod":1}